Information_Ratio,Sharpe_Ratio,Max_Drawdown,Annualized_Return,Margin,Turnover
0.1162548205298832,1.845488063007103,-0.09369286576468876,0.019095501547494072,0.004243444788332017,0.017857142857142856
