Information_Ratio,Sharpe_Ratio,Max_Drawdown,Annualized_Return,Margin,Turnover
0.3694959725112309,5.865566722228051,-0.06469671684269611,0.421972071053029,0.02846636987262497,0.058823529411764705
